position,title,description,url
0,LP - Elden Ring NG+ PC - Shadow of the Erdtree - #1,Join Grayworm as he follows in Miquela's footsteps In Pursuit of the Realm of Shadow.  Check out these channels: @BlueLizardJello @preacherplays @DomsRoundtable​ #eldenring #eldenringdlc #shadowoftheerdtree,https://www.youtube.com/watch?v=R7qLPOeP7L0
1,LP - Elden Ring NG+ PC - Shadow of the Erdtree - #2,Join Grayworm as he follows in Miquela's footsteps In Pursuit of the Realm of Shadow.  Check out these channels: @BlueLizardJello @preacherplays @DomsRoundtable​ #eldenring #eldenringdlc #shadowoftheerdtree,https://www.youtube.com/watch?v=imA-wWuX3LY
2,LP - Elden Ring NG+ PC - Shadow of the Erdtree - #3,Join Grayworm as he follows in Miquela's footsteps In Pursuit of the Realm of Shadow.  Check out these channels: @BlueLizardJello @preacherplays @DomsRoundtable​ #eldenring #eldenringdlc #shadowoftheerdtree,https://www.youtube.com/watch?v=0wvXEm_6rZw
3,LP - Elden Ring NG+ PC - Shadow of the Erdtree - #5,Join Grayworm as he follows in Miquela's footsteps In Pursuit of the Realm of Shadow.  Check out these channels: @BlueLizardJello @preacherplays @DomsRoundtable​ #eldenring #eldenringdlc #shadowoftheerdtree,https://www.youtube.com/watch?v=0QzEh3H5aPE
4,LP - Elden Ring NG+ PC - Shadow of the Erdtree - #6,Join Grayworm as he follows in Miquela's footsteps In Pursuit of the Realm of Shadow.  Check out these channels: @BlueLizardJello @preacherplays @DomsRoundtable​ #eldenring #eldenringdlc #shadowoftheerdtree,https://www.youtube.com/watch?v=kTwNxHbz6sQ
5,LP - Elden Ring NG+ PC - Shadow of the Erdtree - #7 - Back from Dogma,Join Grayworm as he follows in Miquela's footsteps In Pursuit of the Realm of Shadow.  Check out these channels: @BlueLizardJello @preacherplays @DomsRoundtable​ #eldenring #eldenringdlc #shadowoftheerdtree,https://www.youtube.com/watch?v=vGZ9jYV_Hys
6,LP - Elden Ring NG+ PC - Shadow of the Erdtree - #8 - Belurat Gaol,Join Grayworm as he follows in Miquela's footsteps In Pursuit of the Realm of Shadow.  Check out these channels: @BlueLizardJello @preacherplays @DomsRoundtable​ #eldenring #eldenringdlc #shadowoftheerdtree,https://www.youtube.com/watch?v=szi6GNWzjdE
7,LP - Elden Ring NG+ PC - Shadow of the Erdtree - #9 - Belurat Gaol Finale,Join Grayworm as he follows in Miquela's footsteps In Pursuit of the Realm of Shadow.  Check out these channels: @BlueLizardJello @preacherplays @DomsRoundtable​ #eldenring #eldenringdlc #shadowoftheerdtree,https://www.youtube.com/watch?v=I-GuCNryUdg
8,LP - Elden Ring NG+ PC - Shadow of the Erdtree - #10 - Belurat Tower Settlement,Join Grayworm as he follows in Miquela's footsteps In Pursuit of the Realm of Shadow. 10:13 Ready with new equipment  Check out these channels: @BlueLizardJello @preacherplays @DomsRoundtable​ #eldenring #eldenringdlc #shadowoftheerdtree,https://www.youtube.com/watch?v=H8x_IluNQZc
9,LP - Elden Ring NG+ PC - Shadow of the Erdtree - #11 - Belurat Tower Settlement 2,Join Grayworm as he follows in Miquela's footsteps In Pursuit of the Realm of Shadow.  Check out these channels: @BlueLizardJello @preacherplays @DomsRoundtable​ #eldenring #eldenringdlc #shadowoftheerdtree,https://www.youtube.com/watch?v=qHr-gZZgsUQ
10,LP - Elden Ring NG+ PC - Shadow of the Erdtree - #12 - Belurat Tower Settlement 3,Join Grayworm as he follows in Miquela's footsteps In Pursuit of the Realm of Shadow.  Check out these channels: @BlueLizardJello @preacherplays @DomsRoundtable​ #eldenring #eldenringdlc #shadowoftheerdtree,https://www.youtube.com/watch?v=M2fPV8dZMk0
11,LP - Elden Ring NG+ PC - Shadow of the Erdtree - #13 - Belurat Tower Settlement 4,Join Grayworm as he follows in Miquela's footsteps In Pursuit of the Realm of Shadow.  Check out these channels: @BlueLizardJello @preacherplays @DomsRoundtable​ #eldenring #eldenringdlc #shadowoftheerdtree,https://www.youtube.com/watch?v=b4xzFjwK3wY
12,LP - Elden Ring NG+ PC - Shadow of the Erdtree - #14 - Belurat Tower Settlement 5 - Done?,Join Grayworm as he follows in Miquela's footsteps In Pursuit of the Realm of Shadow.  Check out these channels: @BlueLizardJello @preacherplays @DomsRoundtable​ #eldenring #eldenringdlc #shadowoftheerdtree,https://www.youtube.com/watch?v=w4YG5UAmpbU
13,LP - Elden Ring NG+ PC - Shadow of the Erdtree - #15,Join Grayworm as he follows in Miquela's footsteps In Pursuit of the Realm of Shadow.  Check out these channels: @BlueLizardJello @preacherplays @DomsRoundtable​ #eldenring #eldenringdlc #shadowoftheerdtree,https://www.youtube.com/watch?v=e6PQ1HkH440
14,LP - Elden Ring NG+ PC - Shadow of the Erdtree - #16 - Prospect Town,Join Grayworm as he follows in Miquela's footsteps In Pursuit of the Realm of Shadow.  Check out these channels: @BlueLizardJello @preacherplays @DomsRoundtable​ #eldenring #eldenringdlc #shadowoftheerdtree,https://www.youtube.com/watch?v=kyH6Y2yHbuM
15,LP - Elden Ring NG+ PC - Shadow of the Erdtree - #17 - Ghostflame Dragon,Join Grayworm as he follows in Miquela's footsteps In Pursuit of the Realm of Shadow.  Check out these channels: @BlueLizardJello @preacherplays @DomsRoundtable​ #eldenring #eldenringdlc #shadowoftheerdtree,https://www.youtube.com/watch?v=z9HGV5KvMBg
16,LP - Elden Ring NG+ PC - Shadow of the Erdtree - #18 - Ellac Great Bridge,Join Grayworm as he follows in Miquela's footsteps In Pursuit of the Realm of Shadow.  Check out these channels: @BlueLizardJello @preacherplays @DomsRoundtable​ #eldenring #eldenringdlc #shadowoftheerdtree,https://www.youtube.com/watch?v=Wk72Bsdb35o
17,LP - Elden Ring NG+ PC - Shadow of the Erdtree - #19 - Fog Rift Catacombs,Join Grayworm as he follows in Miquela's footsteps In Pursuit of the Realm of Shadow.  Check out these channels: @BlueLizardJello @preacherplays @DomsRoundtable​ #eldenring #eldenringdlc #shadowoftheerdtree,https://www.youtube.com/watch?v=JLduHGq3C3g
18,LP - Elden Ring NG+ PC - Shadow of the Erdtree - #20 - Fog Rift Catacombs 2,Join Grayworm as he follows in Miquela's footsteps In Pursuit of the Realm of Shadow.  Check out these channels: @BlueLizardJello @preacherplays @DomsRoundtable​ #eldenring #eldenringdlc #shadowoftheerdtree,https://www.youtube.com/watch?v=EEfmX3pr4Dc
19,LP - Elden Ring NG+ PC - Shadow of the Erdtree - #21 - Fog Rift Catacombs 3 and Castle Ensis,Join Grayworm as he follows in Miquela's footsteps In Pursuit of the Realm of Shadow.  Check out these channels: @BlueLizardJello @preacherplays @DomsRoundtable​ #eldenring #eldenringdlc #shadowoftheerdtree   Build link on EIP Elden Ring Build Planner: https://eip.gg/elden-ring/build-planner/?buildId=clzu9ta3100bcd4lmpuc3mr4z,https://www.youtube.com/watch?v=58E26RymHs4
20,LP - Elden Ring NG+ PC - Shadow of the Erdtree - #22 - Castle Ensis,Join Grayworm as he follows in Miquela's footsteps In Pursuit of the Realm of Shadow.  Check out these channels: @BlueLizardJello @preacherplays @DomsRoundtable​ #eldenring #eldenringdlc #shadowoftheerdtree   Original Build link on EIP Elden Ring Build Planner: https://eip.gg/elden-ring/build-planner/?buildId=clzu9ta3100bcd4lmpuc3mr4z  Reborn Build link on EIP: https://eip.gg/elden-ring/build-planner/?buildId=clzuae4rt00bwd4lmp2rj8s4s,https://www.youtube.com/watch?v=ANELEoyvxcI
21,LP - Elden Ring NG+ PC - Shadow of the Erdtree - #23 - Castle Ensis 2,Join Grayworm as he follows in Miquela's footsteps In Pursuit of the Realm of Shadow.  Check out these channels: @BlueLizardJello @preacherplays @DomsRoundtable​ #eldenring #eldenringdlc #shadowoftheerdtree   Original Build link on EIP Elden Ring Build Planner: https://eip.gg/elden-ring/build-planner/?buildId=clzu9ta3100bcd4lmpuc3mr4z  Reborn Build link on EIP: https://eip.gg/elden-ring/build-planner/?buildId=clzuae4rt00bwd4lmp2rj8s4s,https://www.youtube.com/watch?v=FHMlgP_lBaw
22,LP - Elden Ring NG+ PC - Shadow of the Erdtree - #24 - Castle Ensis 3,Join Grayworm as he follows in Miquela's footsteps In Pursuit of the Realm of Shadow.  Check out these channels: @BlueLizardJello @preacherplays @DomsRoundtable​ #eldenring #eldenringdlc #shadowoftheerdtree   Original Build link on EIP Elden Ring Build Planner: https://eip.gg/elden-ring/build-planner/?buildId=clzu9ta3100bcd4lmpuc3mr4z  Reborn Build link on EIP: https://eip.gg/elden-ring/build-planner/?buildId=clzuae4rt00bwd4lmp2rj8s4s,https://www.youtube.com/watch?v=3BXSu9zCl7M
23,LP - Elden Ring NG+ PC - Shadow of the Erdtree - #25 - Castle Ensis 4 - Rellana Fight,Join Grayworm as he follows in Miquela's footsteps In Pursuit of the Realm of Shadow.  Check out these channels: @BlueLizardJello @preacherplays @DomsRoundtable​ #eldenring #eldenringdlc #shadowoftheerdtree   Original Build link on EIP Elden Ring Build Planner: https://eip.gg/elden-ring/build-planner/?buildId=clzu9ta3100bcd4lmpuc3mr4z  Reborn Build link on EIP: https://eip.gg/elden-ring/build-planner/?buildId=clzuae4rt00bwd4lmp2rj8s4s,https://www.youtube.com/watch?v=umpxoeeUQU8
24,LP - Elden Ring NG+ PC - Shadow of the Erdtree - #26 - Ruined Forge of Starfall Past,Join Grayworm as he follows in Miquela's footsteps In Pursuit of the Realm of Shadow.  Check out these channels: @BlueLizardJello @preacherplays @DomsRoundtable​ #eldenring #eldenringdlc #shadowoftheerdtree   Original Build link on EIP Elden Ring Build Planner: https://eip.gg/elden-ring/build-planner/?buildId=clzu9ta3100bcd4lmpuc3mr4z  Reborn Build link on EIP: https://eip.gg/elden-ring/build-planner/?buildId=clzuae4rt00bwd4lmp2rj8s4s,https://www.youtube.com/watch?v=Um6fnTMa7hA
25,LP - Elden Ring NG+ PC - Shadow of the Erdtree - #27 - Ruined Forge of Starfall Past 2,Join Grayworm as he follows in Miquela's footsteps In Pursuit of the Realm of Shadow.  Check out these channels: @BlueLizardJello @preacherplays @DomsRoundtable​ #eldenring #eldenringdlc #shadowoftheerdtree   Original Build link on EIP Elden Ring Build Planner: https://eip.gg/elden-ring/build-planner/?buildId=clzu9ta3100bcd4lmpuc3mr4z  Reborn Build link on EIP: https://eip.gg/elden-ring/build-planner/?buildId=clzuae4rt00bwd4lmp2rj8s4s,https://www.youtube.com/watch?v=A1Up1Ssi7S8
26,LP - Elden Ring NG+ PC - Shadow of the Erdtree - #28 - Moorth Ruins,Join Grayworm as he follows in Miquela's footsteps In Pursuit of the Realm of Shadow.  Check out these channels: @BlueLizardJello @preacherplays @DomsRoundtable​ #eldenring #eldenringdlc #shadowoftheerdtree   Original Build link on EIP Elden Ring Build Planner: https://eip.gg/elden-ring/build-planner/?buildId=clzu9ta3100bcd4lmpuc3mr4z  Reborn Build link on EIP: https://eip.gg/elden-ring/build-planner/?buildId=clzuae4rt00bwd4lmp2rj8s4s,https://www.youtube.com/watch?v=IEcDQJbTNmY
27,LP - Elden Ring NG+ PC - Shadow of the Erdtree - #29 - Moorth Ruins / Dragon / Fort of Reprimand,Join Grayworm as he follows in Miquela's footsteps In Pursuit of the Realm of Shadow.  Check out these channels: @BlueLizardJello @preacherplays @DomsRoundtable​ #eldenring #eldenringdlc #shadowoftheerdtree   Original Build link on EIP Elden Ring Build Planner: https://eip.gg/elden-ring/build-planner/?buildId=clzu9ta3100bcd4lmpuc3mr4z  Reborn Build link on EIP: https://eip.gg/elden-ring/build-planner/?buildId=clzuae4rt00bwd4lmp2rj8s4s,https://www.youtube.com/watch?v=SkBZp27oKOA
28,LP - Elden Ring NG+ PC - Shadow of the Erdtree - #30 - Fort of Reprimand 2,Join Grayworm as he follows in Miquela's footsteps In Pursuit of the Realm of Shadow.  Check out these channels: @BlueLizardJello @preacherplays @DomsRoundtable​ #eldenring #eldenringdlc #shadowoftheerdtree   Original Build link on EIP Elden Ring Build Planner: https://eip.gg/elden-ring/build-planner/?buildId=clzu9ta3100bcd4lmpuc3mr4z  Reborn Build link on EIP: https://eip.gg/elden-ring/build-planner/?buildId=clzuae4rt00bwd4lmp2rj8s4s,https://www.youtube.com/watch?v=BuC1kVIvDj8
29,LP - Elden Ring NG+ PC - Shadow of the Erdtree - #31 - Moorth Ruins 2,Join Grayworm as he follows in Miquela's footsteps In Pursuit of the Realm of Shadow.  Check out these channels: @BlueLizardJello @preacherplays @DomsRoundtable​ #eldenring #eldenringdlc #shadowoftheerdtree   Original Build link on EIP Elden Ring Build Planner: https://eip.gg/elden-ring/build-planner/?buildId=clzu9ta3100bcd4lmpuc3mr4z  Reborn Build link on EIP: https://eip.gg/elden-ring/build-planner/?buildId=clzuae4rt00bwd4lmp2rj8s4s,https://www.youtube.com/watch?v=3CZkCK-SDIY
30,LP - Elden Ring NG+ PC - Shadow of the Erdtree - #31 - Bonny Village,Join Grayworm as he follows in Miquela's footsteps In Pursuit of the Realm of Shadow.  Check out these channels: @BlueLizardJello @preacherplays @DomsRoundtable​ #eldenring #eldenringdlc #shadowoftheerdtree   Original Build link on EIP Elden Ring Build Planner: https://eip.gg/elden-ring/build-planner/?buildId=clzu9ta3100bcd4lmpuc3mr4z  Reborn Build link on EIP: https://eip.gg/elden-ring/build-planner/?buildId=clzuae4rt00bwd4lmp2rj8s4s,https://www.youtube.com/watch?v=T6fx0hdqFnk
31,LP - Elden Ring NG+ PC - Shadow of the Erdtree - #31 - Bonny Village 2 / Bonny Gaol,Join Grayworm as he follows in Miquela's footsteps In Pursuit of the Realm of Shadow.  Check out these channels: @BlueLizardJello @preacherplays @DomsRoundtable​ #eldenring #eldenringdlc #shadowoftheerdtree   Original Build link on EIP Elden Ring Build Planner: https://eip.gg/elden-ring/build-planner/?buildId=clzu9ta3100bcd4lmpuc3mr4z  Reborn Build link on EIP: https://eip.gg/elden-ring/build-planner/?buildId=clzuae4rt00bwd4lmp2rj8s4s,https://www.youtube.com/watch?v=OETrj9x66V8
32,LP - Elden Ring NG+ PC - Shadow of the Erdtree - #34 - Church Highroad / Bridge Leading to Village,Join Grayworm as he follows in Miquela's footsteps In Pursuit of the Realm of Shadow.  Check out these channels: @BlueLizardJello @preacherplays @DomsRoundtable​ #eldenring #eldenringdlc #shadowoftheerdtree   Original Build link on EIP Elden Ring Build Planner: https://eip.gg/elden-ring/build-planner/?buildId=clzu9ta3100bcd4lmpuc3mr4z  Reborn Build link on EIP: https://eip.gg/elden-ring/build-planner/?buildId=clzuae4rt00bwd4lmp2rj8s4s,https://www.youtube.com/watch?v=c8Yp6mEkcrc
33,LP - Elden Ring NG+ PC - Shadow of the Erdtree - #35 - Church Highroad / Cathedral of Manus Metyr,Join Grayworm as he follows in Miquela's footsteps In Pursuit of the Realm of Shadow.  Check out these channels: @BlueLizardJello @preacherplays @DomsRoundtable​ #eldenring #eldenringdlc #shadowoftheerdtree   Original Build link on EIP Elden Ring Build Planner: https://eip.gg/elden-ring/build-planner/?buildId=clzu9ta3100bcd4lmpuc3mr4z  Reborn Build link on EIP: https://eip.gg/elden-ring/build-planner/?buildId=clzuae4rt00bwd4lmp2rj8s4s,https://www.youtube.com/watch?v=dsVci973b7Q
34,LP - Elden Ring NG+ PC - Shadow of the Erdtree - #36 - Cathedral of Manus Metyr / Shadow Keep Church,Join Grayworm as he follows in Miquela's footsteps In Pursuit of the Realm of Shadow.  Check out these channels: @BlueLizardJello @preacherplays @DomsRoundtable​ #eldenring #eldenringdlc #shadowoftheerdtree   Original Build link on EIP Elden Ring Build Planner: https://eip.gg/elden-ring/build-planner/?buildId=clzu9ta3100bcd4lmpuc3mr4z  Reborn Build link on EIP: https://eip.gg/elden-ring/build-planner/?buildId=clzuae4rt00bwd4lmp2rj8s4s,https://www.youtube.com/watch?v=KppqVpnX8SY
35,LP - Elden Ring NG+ PC - Shadow of the Erdtree - #37 - Shadow Keep Church 2,Join Grayworm as he follows in Miquela's footsteps In Pursuit of the Realm of Shadow.  Check out these channels: @BlueLizardJello @preacherplays @DomsRoundtable​ #eldenring #eldenringdlc #shadowoftheerdtree   Original Build link on EIP Elden Ring Build Planner: https://eip.gg/elden-ring/build-planner/?buildId=clzu9ta3100bcd4lmpuc3mr4z  Reborn Build link on EIP: https://eip.gg/elden-ring/build-planner/?buildId=clzuae4rt00bwd4lmp2rj8s4s,https://www.youtube.com/watch?v=LuZyonKWGNo
36,LP - Elden Ring NG+ PC - Shadow of the Erdtree - #38 - Shadow Keep Church 3,Join Grayworm as he follows in Miquela's footsteps In Pursuit of the Realm of Shadow.  Check out these channels: @BlueLizardJello @preacherplays @DomsRoundtable​ #eldenring #eldenringdlc #shadowoftheerdtree   Original Build link on EIP Elden Ring Build Planner: https://eip.gg/elden-ring/build-planner/?buildId=clzu9ta3100bcd4lmpuc3mr4z  Reborn Build link on EIP: https://eip.gg/elden-ring/build-planner/?buildId=clzuae4rt00bwd4lmp2rj8s4s,https://www.youtube.com/watch?v=Ma3ZZBUIZ4Y
37,LP - Elden Ring NG+ PC - Shadow of the Erdtree - #39 - Scadu Tree Avatar,Join Grayworm as he follows in Miquela's footsteps In Pursuit of the Realm of Shadow.  Check out these channels: @BlueLizardJello @preacherplays @DomsRoundtable​ #eldenring #eldenringdlc #shadowoftheerdtree   Original Build link on EIP Elden Ring Build Planner: https://eip.gg/elden-ring/build-planner/?buildId=clzu9ta3100bcd4lmpuc3mr4z  Reborn Build link on EIP: https://eip.gg/elden-ring/build-planner/?buildId=clzuae4rt00bwd4lmp2rj8s4s,https://www.youtube.com/watch?v=-EJuIiGq8Mk
38,LP - Elden Ring NG+ PC - Shadow of the Erdtree - #40 - Scadu Tree Avatar 2,Join Grayworm as he follows in Miquela's footsteps In Pursuit of the Realm of Shadow.  Check out these channels: @BlueLizardJello @preacherplays @DomsRoundtable​ #eldenring #eldenringdlc #shadowoftheerdtree   Original Build link on EIP Elden Ring Build Planner: https://eip.gg/elden-ring/build-planner/?buildId=clzu9ta3100bcd4lmpuc3mr4z  Reborn Build link on EIP: https://eip.gg/elden-ring/build-planner/?buildId=clzuae4rt00bwd4lmp2rj8s4s,https://www.youtube.com/watch?v=6k1YHbpYSkA
39,LP - Elden Ring NG+ PC - Shadow of the Erdtree - #41 - Post Miquella's Rune Breaking Conversations,Join Grayworm as he follows in Miquela's footsteps In Pursuit of the Realm of Shadow.  Check out these channels: @BlueLizardJello @preacherplays @DomsRoundtable​ #eldenring #eldenringdlc #shadowoftheerdtree   Original Build link on EIP Elden Ring Build Planner: https://eip.gg/elden-ring/build-planner/?buildId=clzu9ta3100bcd4lmpuc3mr4z  Reborn Build link on EIP: https://eip.gg/elden-ring/build-planner/?buildId=clzuae4rt00bwd4lmp2rj8s4s,https://www.youtube.com/watch?v=i9zIXCnR_5A
40,LP - Elden Ring NG+ PC - Shadow of the Erdtree - #42 - Shadow Keep,Join Grayworm as he follows in Miquela's footsteps In Pursuit of the Realm of Shadow.  Check out these channels: @BlueLizardJello @preacherplays @DomsRoundtable​ #eldenring #eldenringdlc #shadowoftheerdtree   Original Build link on EIP Elden Ring Build Planner: https://eip.gg/elden-ring/build-planner/?buildId=clzu9ta3100bcd4lmpuc3mr4z  Reborn Build link on EIP: https://eip.gg/elden-ring/build-planner/?buildId=clzuae4rt00bwd4lmp2rj8s4s,https://www.youtube.com/watch?v=noZQGf6DyH4
41,LP - Elden Ring NG+ PC - Shadow of the Erdtree - #43 - Shadow Keep 2,Join Grayworm as he follows in Miquela's footsteps In Pursuit of the Realm of Shadow.  Check out these channels: @BlueLizardJello @preacherplays @DomsRoundtable​ #eldenring #eldenringdlc #shadowoftheerdtree   Original Build link on EIP Elden Ring Build Planner: https://eip.gg/elden-ring/build-planner/?buildId=clzu9ta3100bcd4lmpuc3mr4z  Reborn Build link on EIP: https://eip.gg/elden-ring/build-planner/?buildId=clzuae4rt00bwd4lmp2rj8s4s,https://www.youtube.com/watch?v=F5eu_1teNBA
42,LP - Elden Ring NG+ PC - Shadow of the Erdtree - #43 - Shadow Keep 3 - Specimen Storehouse,Join Grayworm as he follows in Miquela's footsteps In Pursuit of the Realm of Shadow.  Check out these channels: @BlueLizardJello @preacherplays @DomsRoundtable​ #eldenring #eldenringdlc #shadowoftheerdtree   Original Build link on EIP Elden Ring Build Planner: https://eip.gg/elden-ring/build-planner/?buildId=clzu9ta3100bcd4lmpuc3mr4z  Reborn Build link on EIP: https://eip.gg/elden-ring/build-planner/?buildId=clzuae4rt00bwd4lmp2rj8s4s,https://www.youtube.com/watch?v=cwW3nSVcmV4
43,LP - Elden Ring NG+ PC - Shadow of the Erdtree - #45 - Shadow Keep 4 - Specimen Storehouse 2,Join Grayworm as he follows in Miquela's footsteps In Pursuit of the Realm of Shadow.  Check out these channels: @BlueLizardJello @preacherplays @DomsRoundtable​ #eldenring #eldenringdlc #shadowoftheerdtree   Original Build link on EIP Elden Ring Build Planner: https://eip.gg/elden-ring/build-planner/?buildId=clzu9ta3100bcd4lmpuc3mr4z  Reborn Build link on EIP: https://eip.gg/elden-ring/build-planner/?buildId=clzuae4rt00bwd4lmp2rj8s4s,https://www.youtube.com/watch?v=PZ-eav7M6uA
44,LP - Elden Ring NG+ PC - Shadow of the Erdtree - #46 - Shadow Keep 5 - Storehouse 3 - Messmer!,Join Grayworm as he follows in Miquela's footsteps In Pursuit of the Realm of Shadow.  Check out these channels: @BlueLizardJello @preacherplays @DomsRoundtable​ #eldenring #eldenringdlc #shadowoftheerdtree   Original Build link on EIP Elden Ring Build Planner: https://eip.gg/elden-ring/build-planner/?buildId=clzu9ta3100bcd4lmpuc3mr4z  Reborn Build link on EIP: https://eip.gg/elden-ring/build-planner/?buildId=clzuae4rt00bwd4lmp2rj8s4s,https://www.youtube.com/watch?v=GDjQuqkp9dY
45,LP - Elden Ring NG+ PC - Shadow of the Erdtree - #47 - Shadow Keep 6 - Storehouse 3 - The Down,Join Grayworm as he follows in Miquela's footsteps In Pursuit of the Realm of Shadow.  Check out these channels: @BlueLizardJello @preacherplays @DomsRoundtable​ #eldenring #eldenringdlc #shadowoftheerdtree   Original Build link on EIP Elden Ring Build Planner: https://eip.gg/elden-ring/build-planner/?buildId=clzu9ta3100bcd4lmpuc3mr4z  Reborn Build link on EIP: https://eip.gg/elden-ring/build-planner/?buildId=clzuae4rt00bwd4lmp2rj8s4s,https://www.youtube.com/watch?v=pGqpwnO_g2A
46,LP - Elden Ring NG+ PC - Shadow of the Erdtree - #48 - Ruins of Rauh,Join Grayworm as he follows in Miquela's footsteps In Pursuit of the Realm of Shadow.  Check out these channels: @BlueLizardJello @preacherplays @DomsRoundtable​ #eldenring #eldenringdlc #shadowoftheerdtree   Original Build link on EIP Elden Ring Build Planner: https://eip.gg/elden-ring/build-planner/?buildId=clzu9ta3100bcd4lmpuc3mr4z  Reborn Build link on EIP: https://eip.gg/elden-ring/build-planner/?buildId=clzuae4rt00bwd4lmp2rj8s4s,https://www.youtube.com/watch?v=JKtmBQD19Yk
47,LP - Elden Ring NG+ PC - Shadow of the Erdtree - #49 - Ruins of Rauh 2,Join Grayworm as he follows in Miquela's footsteps In Pursuit of the Realm of Shadow.  Check out these channels: @BlueLizardJello @preacherplays @DomsRoundtable​ #eldenring #eldenringdlc #shadowoftheerdtree   Original Build link on EIP Elden Ring Build Planner: https://eip.gg/elden-ring/build-planner/?buildId=clzu9ta3100bcd4lmpuc3mr4z  Reborn Build link on EIP: https://eip.gg/elden-ring/build-planner/?buildId=clzuae4rt00bwd4lmp2rj8s4s,https://www.youtube.com/watch?v=O5d5VY8xQlc
48,LP - Elden Ring NG+ PC - Shadow of the Erdtree - #50 - Ruins of Rauh 3,Join Grayworm as he follows in Miquela's footsteps In Pursuit of the Realm of Shadow.  Check out these channels: @BlueLizardJello @preacherplays @DomsRoundtable​ #eldenring #eldenringdlc #shadowoftheerdtree   Original Build link on EIP Elden Ring Build Planner: https://eip.gg/elden-ring/build-planner/?buildId=clzu9ta3100bcd4lmpuc3mr4z  Reborn Build link on EIP: https://eip.gg/elden-ring/build-planner/?buildId=clzuae4rt00bwd4lmp2rj8s4s,https://www.youtube.com/watch?v=P0PjixN9L1E
49,LP - Elden Ring NG+ PC - Shadow of the Erdtree - #51 - Ruins of Rauh 4,Join Grayworm as he follows in Miquela's footsteps In Pursuit of the Realm of Shadow.  Check out these channels: @BlueLizardJello @preacherplays @DomsRoundtable​ #eldenring #eldenringdlc #shadowoftheerdtree   Original Build link on EIP Elden Ring Build Planner: https://eip.gg/elden-ring/build-planner/?buildId=clzu9ta3100bcd4lmpuc3mr4z  Reborn Build link on EIP: https://eip.gg/elden-ring/build-planner/?buildId=clzuae4rt00bwd4lmp2rj8s4s,https://www.youtube.com/watch?v=kttClbJT0TQ
50,LP - Elden Ring NG+ PC - Shadow of the Erdtree - #52 - Ruins of Rauh 5,Join Grayworm as he follows in Miquela's footsteps In Pursuit of the Realm of Shadow.  Check out these channels: @BlueLizardJello @preacherplays @DomsRoundtable​ #eldenring #eldenringdlc #shadowoftheerdtree   Original Build link on EIP Elden Ring Build Planner: https://eip.gg/elden-ring/build-planner/?buildId=clzu9ta3100bcd4lmpuc3mr4z  Reborn Build link on EIP: https://eip.gg/elden-ring/build-planner/?buildId=clzuae4rt00bwd4lmp2rj8s4s,https://www.youtube.com/watch?v=IaUl_gJrJqs
51,LP - Elden Ring NG+ PC - Shadow of the Erdtree - #53 - Ruins of Rauh 6,Join Grayworm as he follows in Miquela's footsteps In Pursuit of the Realm of Shadow.  Check out these channels: @BlueLizardJello @preacherplays @DomsRoundtable​ #eldenring #eldenringdlc #shadowoftheerdtree   Original Build link on EIP Elden Ring Build Planner: https://eip.gg/elden-ring/build-planner/?buildId=clzu9ta3100bcd4lmpuc3mr4z  Reborn Build link on EIP: https://eip.gg/elden-ring/build-planner/?buildId=clzuae4rt00bwd4lmp2rj8s4s,https://www.youtube.com/watch?v=e8gB3EceW8I
52,"LP - Elden Ring NG+ PC - Shadow of the Erdtree - #54 - Romina, Burning Tree, Enir-Elim #1",Join Grayworm as he follows in Miquela's footsteps In Pursuit of the Realm of Shadow.  Check out these channels: @BlueLizardJello @preacherplays @DomsRoundtable​ #eldenring #eldenringdlc #shadowoftheerdtree   Original Build link on EIP Elden Ring Build Planner: https://eip.gg/elden-ring/build-planner/?buildId=clzu9ta3100bcd4lmpuc3mr4z  Reborn Build link on EIP: https://eip.gg/elden-ring/build-planner/?buildId=clzuae4rt00bwd4lmp2rj8s4s,https://www.youtube.com/watch?v=5L7EZ93PCvY
53,LP - Elden Ring NG+ PC - Shadow of the Erdtree - #55 - Enir-Elim #2,Join Grayworm as he follows in Miquela's footsteps In Pursuit of the Realm of Shadow.  Check out these channels: @BlueLizardJello @preacherplays @DomsRoundtable​ #eldenring #eldenringdlc #shadowoftheerdtree   Original Build link on EIP Elden Ring Build Planner: https://eip.gg/elden-ring/build-planner/?buildId=clzu9ta3100bcd4lmpuc3mr4z  Reborn Build link on EIP: https://eip.gg/elden-ring/build-planner/?buildId=clzuae4rt00bwd4lmp2rj8s4s,https://www.youtube.com/watch?v=RdUt5QKryWY
54,"LP - Elden Ring NG+ PC - Shadow of the Erdtree - #56 - Enir-Elim #3 - Leda, Friends, Radahn Unlocked",Join Grayworm as he follows in Miquela's footsteps In Pursuit of the Realm of Shadow.  Check out these channels: @BlueLizardJello @preacherplays @DomsRoundtable​ #eldenring #eldenringdlc #shadowoftheerdtree   Original Build link on EIP Elden Ring Build Planner: https://eip.gg/elden-ring/build-planner/?buildId=clzu9ta3100bcd4lmpuc3mr4z  Reborn Build link on EIP: https://eip.gg/elden-ring/build-planner/?buildId=clzuae4rt00bwd4lmp2rj8s4s,https://www.youtube.com/watch?v=-0yWvUEqYns
55,LP - Elden Ring NG+ PC - Shadow of the Erdtree - #57 - Garbage Can Monster Hunter,Join Grayworm as he follows in Miquela's footsteps In Pursuit of the Realm of Shadow.  Check out these channels: @BlueLizardJello @preacherplays @DomsRoundtable​ #eldenring #eldenringdlc #shadowoftheerdtree   Original Build link on EIP Elden Ring Build Planner: https://eip.gg/elden-ring/build-planner/?buildId=clzu9ta3100bcd4lmpuc3mr4z  Reborn Build link on EIP: https://eip.gg/elden-ring/build-planner/?buildId=clzuae4rt00bwd4lmp2rj8s4s,https://www.youtube.com/watch?v=6fAl7VD4whQ
56,LP - Elden Ring NG+ PC - Shadow of the Erdtree - #58 - Rauh Ruins Map!,Join Grayworm as he follows in Miquela's footsteps In Pursuit of the Realm of Shadow.  Check out these channels: @BlueLizardJello @preacherplays @DomsRoundtable​ #eldenring #eldenringdlc #shadowoftheerdtree   Original Build link on EIP Elden Ring Build Planner: https://eip.gg/elden-ring/build-planner/?buildId=clzu9ta3100bcd4lmpuc3mr4z  Reborn Build link on EIP: https://eip.gg/elden-ring/build-planner/?buildId=clzuae4rt00bwd4lmp2rj8s4s,https://www.youtube.com/watch?v=FCxkaBXEyRE
57,LP - Elden Ring NG+ PC - Shadow of the Erdtree - #59 - Ancient Rauh Base and Taylews Forge #1,Join Grayworm as he follows in Miquela's footsteps In Pursuit of the Realm of Shadow.  Check out these channels: @BlueLizardJello @preacherplays @DomsRoundtable​ #eldenring #eldenringdlc #shadowoftheerdtree   Original Build link on EIP Elden Ring Build Planner: https://eip.gg/elden-ring/build-planner/?buildId=clzu9ta3100bcd4lmpuc3mr4z  Reborn Build link on EIP: https://eip.gg/elden-ring/build-planner/?buildId=clzuae4rt00bwd4lmp2rj8s4s,https://www.youtube.com/watch?v=TWNF2sM0o6g
58,LP - Elden Ring NG+ PC - Shadow of the Erdtree - #60- Taylews Forge #2,Join Grayworm as he follows in Miquela's footsteps In Pursuit of the Realm of Shadow.  Check out these channels: @BlueLizardJello @preacherplays @DomsRoundtable​ #eldenring #eldenringdlc #shadowoftheerdtree   Original Build link on EIP Elden Ring Build Planner: https://eip.gg/elden-ring/build-planner/?buildId=clzu9ta3100bcd4lmpuc3mr4z  Reborn Build link on EIP: https://eip.gg/elden-ring/build-planner/?buildId=clzuae4rt00bwd4lmp2rj8s4s,https://www.youtube.com/watch?v=pP-gyvjZqeY
59,LP - Elden Ring NG+ PC - Shadow of the Erdtree - #61- Taylews Forge #3 and Some Exploration,Join Grayworm as he follows in Miquela's footsteps In Pursuit of the Realm of Shadow.  Check out these channels: @BlueLizardJello @preacherplays @DomsRoundtable​ #eldenring #eldenringdlc #shadowoftheerdtree   Original Build link on EIP Elden Ring Build Planner: https://eip.gg/elden-ring/build-planner/?buildId=clzu9ta3100bcd4lmpuc3mr4z  Reborn Build link on EIP: https://eip.gg/elden-ring/build-planner/?buildId=clzuae4rt00bwd4lmp2rj8s4s,https://www.youtube.com/watch?v=nLGNXQHXpJo
60,LP - Elden Ring NG+ PC - Shadow of the Erdtree - #62 - Trying to get into the Temple Town Ruins,Join Grayworm as he follows in Miquela's footsteps In Pursuit of the Realm of Shadow.  Check out these channels: @BlueLizardJello @preacherplays @DomsRoundtable​ #eldenring #eldenringdlc #shadowoftheerdtree   Original Build link on EIP Elden Ring Build Planner: https://eip.gg/elden-ring/build-planner/?buildId=clzu9ta3100bcd4lmpuc3mr4z  Reborn Build link on EIP: https://eip.gg/elden-ring/build-planner/?buildId=clzuae4rt00bwd4lmp2rj8s4s,https://www.youtube.com/watch?v=CFCDj4tNxDM
61,LP - Elden Ring NG+ PC - Shadow of the Erdtree - #63 - Temple Town Ruins Northern Nameless Mausoleum,Join Grayworm as he follows in Miquela's footsteps In Pursuit of the Realm of Shadow.  Check out these channels: @BlueLizardJello @preacherplays @DomsRoundtable​ #eldenring #eldenringdlc #shadowoftheerdtree   Original Build link on EIP Elden Ring Build Planner: https://eip.gg/elden-ring/build-planner/?buildId=clzu9ta3100bcd4lmpuc3mr4z  Reborn Build link on EIP: https://eip.gg/elden-ring/build-planner/?buildId=clzuae4rt00bwd4lmp2rj8s4s,https://www.youtube.com/watch?v=N8Ovd5CLOy4
62,LP - Elden Ring NG+ PC - Shadow of the Erdtree - #64 - Church of the Crusade and Fireknight Queelign,Join Grayworm as he follows in Miquela's footsteps In Pursuit of the Realm of Shadow.  Check out these channels: @BlueLizardJello @preacherplays @DomsRoundtable​ #eldenring #eldenringdlc #shadowoftheerdtree   Original Build link on EIP Elden Ring Build Planner: https://eip.gg/elden-ring/build-planner/?buildId=clzu9ta3100bcd4lmpuc3mr4z  Reborn Build link on EIP: https://eip.gg/elden-ring/build-planner/?buildId=clzuae4rt00bwd4lmp2rj8s4s,https://www.youtube.com/watch?v=cgfcqaoc_Sc
63,LP - Elden Ring NG+ PC - Shadow of the Erdtree - #65 - Pink Pest Party,Join Grayworm as he follows in Miquela's footsteps In Pursuit of the Realm of Shadow.  Check out these channels: @BlueLizardJello @preacherplays @DomsRoundtable​ #eldenring #eldenringdlc #shadowoftheerdtree   Original Build link on EIP Elden Ring Build Planner: https://eip.gg/elden-ring/build-planner/?buildId=clzu9ta3100bcd4lmpuc3mr4z  Reborn Build link on EIP: https://eip.gg/elden-ring/build-planner/?buildId=clzuae4rt00bwd4lmp2rj8s4s,https://www.youtube.com/watch?v=tbvL-r8ZypM
64,LP - Elden Ring NG+ PC - Shadow of the Erdtree - #66 - Red Bear Regulea,Join Grayworm as he follows in Miquela's footsteps In Pursuit of the Realm of Shadow.  Check out these channels: @BlueLizardJello @preacherplays @DomsRoundtable​ #eldenring #eldenringdlc #shadowoftheerdtree   Original Build link on EIP Elden Ring Build Planner: https://eip.gg/elden-ring/build-planner/?buildId=clzu9ta3100bcd4lmpuc3mr4z  Reborn Build link on EIP: https://eip.gg/elden-ring/build-planner/?buildId=clzuae4rt00bwd4lmp2rj8s4s,https://www.youtube.com/watch?v=zfKsb-_6KVQ
65,LP - Elden Ring NG+ PC - Shadow of the Erdtree - #67 - Scorpion River Catacombs,Join Grayworm as he follows in Miquela's footsteps In Pursuit of the Realm of Shadow.  Check out these channels: @BlueLizardJello @preacherplays @DomsRoundtable​ #eldenring #eldenringdlc #shadowoftheerdtree   Original Build link on EIP Elden Ring Build Planner: https://eip.gg/elden-ring/build-planner/?buildId=clzu9ta3100bcd4lmpuc3mr4z  Reborn Build link on EIP: https://eip.gg/elden-ring/build-planner/?buildId=clzuae4rt00bwd4lmp2rj8s4s,https://www.youtube.com/watch?v=fmM64Xq0W7o
66,LP - Elden Ring NG+ PC - Shadow of the Erdtree - #68 - Rauh Ruins Shenanigans,Join Grayworm as he follows in Miquela's footsteps In Pursuit of the Realm of Shadow.  Check out these channels: @BlueLizardJello @preacherplays @DomsRoundtable​ #eldenring #eldenringdlc #shadowoftheerdtree   Original Build link on EIP Elden Ring Build Planner: https://eip.gg/elden-ring/build-planner/?buildId=clzu9ta3100bcd4lmpuc3mr4z  Reborn Build link on EIP: https://eip.gg/elden-ring/build-planner/?buildId=clzuae4rt00bwd4lmp2rj8s4s,https://www.youtube.com/watch?v=ENMjIeDnNhU
67,LP - Elden Ring NG+ PC - Shadow of the Erdtree - #69 - Divine Beast Ruins and Rauh Done,Join Grayworm as he follows in Miquela's footsteps In Pursuit of the Realm of Shadow.  Check out these channels: @BlueLizardJello @preacherplays @DomsRoundtable​ #eldenring #eldenringdlc #shadowoftheerdtree   Original Build link on EIP Elden Ring Build Planner: https://eip.gg/elden-ring/build-planner/?buildId=clzu9ta3100bcd4lmpuc3mr4z  Reborn Build link on EIP: https://eip.gg/elden-ring/build-planner/?buildId=clzuae4rt00bwd4lmp2rj8s4s,https://www.youtube.com/watch?v=bxIrI4SzmQw
68,LP - Elden Ring NG+ PC - Shadow of the Erdtree - #70 - Trying to get to the Finger Ruins #1,Join Grayworm as he follows in Miquela's footsteps In Pursuit of the Realm of Shadow.  Check out these channels: @BlueLizardJello @preacherplays @DomsRoundtable​ #eldenring #eldenringdlc #shadowoftheerdtree   Original Build link on EIP Elden Ring Build Planner: https://eip.gg/elden-ring/build-planner/?buildId=clzu9ta3100bcd4lmpuc3mr4z  Reborn Build link on EIP: https://eip.gg/elden-ring/build-planner/?buildId=clzuae4rt00bwd4lmp2rj8s4s,https://www.youtube.com/watch?v=NAQrsfQEwS8
69,LP - Elden Ring NG+ PC - Shadow of the Erdtree - #71 - Scaduview and Commander Gaius,Join Grayworm as he follows in Miquela's footsteps In Pursuit of the Realm of Shadow.  Check out these channels: @BlueLizardJello @preacherplays @DomsRoundtable​ #eldenring #eldenringdlc #shadowoftheerdtree   Original Build link on EIP Elden Ring Build Planner: https://eip.gg/elden-ring/build-planner/?buildId=clzu9ta3100bcd4lmpuc3mr4z  Reborn Build link on EIP: https://eip.gg/elden-ring/build-planner/?buildId=clzuae4rt00bwd4lmp2rj8s4s,https://www.youtube.com/watch?v=cb2w7jvjr-4
70,LP - Elden Ring NG+ PC - Shadow of the Erdtree - #72 - Finger Ruins of Dheo #1,Join Grayworm as he follows in Miquela's footsteps In Pursuit of the Realm of Shadow.  Check out these channels: @BlueLizardJello @preacherplays @DomsRoundtable​ #eldenring #eldenringdlc #shadowoftheerdtree   Original Build link on EIP Elden Ring Build Planner: https://eip.gg/elden-ring/build-planner/?buildId=clzu9ta3100bcd4lmpuc3mr4z  Reborn Build link on EIP: https://eip.gg/elden-ring/build-planner/?buildId=clzuae4rt00bwd4lmp2rj8s4s,https://www.youtube.com/watch?v=6CAwEhxB0do
71,LP - Elden Ring NG+ PC - Shadow of the Erdtree - #73 - Finger Ruins of Dheo #2,Join Grayworm as he follows in Miquela's footsteps In Pursuit of the Realm of Shadow.  Check out these channels: @BlueLizardJello @preacherplays @DomsRoundtable​ #eldenring #eldenringdlc #shadowoftheerdtree   Original Build link on EIP Elden Ring Build Planner: https://eip.gg/elden-ring/build-planner/?buildId=clzu9ta3100bcd4lmpuc3mr4z  Reborn Build link on EIP: https://eip.gg/elden-ring/build-planner/?buildId=clzuae4rt00bwd4lmp2rj8s4s,https://www.youtube.com/watch?v=aOf0oGQ2OPg
72,LP - Elden Ring NG+ PC - Shadow of the Erdtree - #74 - Finger Ruins of Dheo #3,Join Grayworm as he follows in Miquela's footsteps In Pursuit of the Realm of Shadow.  Check out these channels: @BlueLizardJello @preacherplays @DomsRoundtable​ #eldenring #eldenringdlc #shadowoftheerdtree   Original Build link on EIP Elden Ring Build Planner: https://eip.gg/elden-ring/build-planner/?buildId=clzu9ta3100bcd4lmpuc3mr4z  Reborn Build link on EIP: https://eip.gg/elden-ring/build-planner/?buildId=clzuae4rt00bwd4lmp2rj8s4s,https://www.youtube.com/watch?v=Dz_veu11cVo
73,LP - Elden Ring NG+ PC - Shadow of the Erdtree - #75 - Ruined Forge Lava Intake,Join Grayworm as he follows in Miquela's footsteps In Pursuit of the Realm of Shadow.  Check out these channels: @BlueLizardJello @preacherplays @DomsRoundtable​ #eldenring #eldenringdlc #shadowoftheerdtree   Original Build link on EIP Elden Ring Build Planner: https://eip.gg/elden-ring/build-planner/?buildId=clzu9ta3100bcd4lmpuc3mr4z  Reborn Build link on EIP: https://eip.gg/elden-ring/build-planner/?buildId=clzuae4rt00bwd4lmp2rj8s4s,https://www.youtube.com/watch?v=yP1aKx9lOII
74,LP - Elden Ring NG+ PC - Shadow of the Erdtree - #76 - Ellac River,Join Grayworm as he follows in Miquela's footsteps In Pursuit of the Realm of Shadow.  Check out these channels: @BlueLizardJello @preacherplays @DomsRoundtable​ #eldenring #eldenringdlc #shadowoftheerdtree   Original Build link on EIP Elden Ring Build Planner: https://eip.gg/elden-ring/build-planner/?buildId=clzu9ta3100bcd4lmpuc3mr4z  Reborn Build link on EIP: https://eip.gg/elden-ring/build-planner/?buildId=clzuae4rt00bwd4lmp2rj8s4s,https://www.youtube.com/watch?v=RVhYTxn-xFE
75,LP - Elden Ring NG+ PC - Shadow of the Erdtree - #77 - Hunting for Pillar Path Cross and Bloodfiends,Join Grayworm as he follows in Miquela's footsteps In Pursuit of the Realm of Shadow.  Check out these channels: @BlueLizardJello @preacherplays @DomsRoundtable​ #eldenring #eldenringdlc #shadowoftheerdtree   Original Build link on EIP Elden Ring Build Planner: https://eip.gg/elden-ring/build-planner/?buildId=clzu9ta3100bcd4lmpuc3mr4z  Reborn Build link on EIP: https://eip.gg/elden-ring/build-planner/?buildId=clzuae4rt00bwd4lmp2rj8s4s,https://www.youtube.com/watch?v=yG5pUQ-VlZo
76,LP - Elden Ring NG+ PC - Shadow of the Erdtree - #78 - The Cerulean Coast at Last!,Join Grayworm as he follows in Miquela's footsteps In Pursuit of the Realm of Shadow.  Check out these channels: @BlueLizardJello @preacherplays @DomsRoundtable​ #eldenring #eldenringdlc #shadowoftheerdtree   Original Build link on EIP Elden Ring Build Planner: https://eip.gg/elden-ring/build-planner/?buildId=clzu9ta3100bcd4lmpuc3mr4z  Reborn Build link on EIP: https://eip.gg/elden-ring/build-planner/?buildId=clzuae4rt00bwd4lmp2rj8s4s,https://www.youtube.com/watch?v=a1FrPWuUVGw
77,LP - Elden Ring NG+ PC - Shadow of the Erdtree - #79 - Cerulean Coast #2 - Dancer of Ranah,Join Grayworm as he follows in Miquela's footsteps In Pursuit of the Realm of Shadow.  Check out these channels: @BlueLizardJello @preacherplays @DomsRoundtable​ #eldenring #eldenringdlc #shadowoftheerdtree   Original Build link on EIP Elden Ring Build Planner: https://eip.gg/elden-ring/build-planner/?buildId=clzu9ta3100bcd4lmpuc3mr4z  Reborn Build link on EIP: https://eip.gg/elden-ring/build-planner/?buildId=clzuae4rt00bwd4lmp2rj8s4s,https://www.youtube.com/watch?v=hcNDngM_7tk
78,LP - Elden Ring NG+ PC - Shadow of the Erdtree - #80 - Finger Ruins of Rhia #1,Join Grayworm as he follows in Miquela's footsteps In Pursuit of the Realm of Shadow.  Check out these channels: @BlueLizardJello @preacherplays @DomsRoundtable​ #eldenring #eldenringdlc #shadowoftheerdtree   Original Build link on EIP Elden Ring Build Planner: https://eip.gg/elden-ring/build-planner/?buildId=clzu9ta3100bcd4lmpuc3mr4z  Reborn Build link on EIP: https://eip.gg/elden-ring/build-planner/?buildId=clzuae4rt00bwd4lmp2rj8s4s,https://www.youtube.com/watch?v=-gcljSxk6aM
79,LP - Elden Ring NG+ PC - Shadow of the Erdtree - #81 - Finger Ruins of Rhia #2,Join Grayworm as he follows in Miquela's footsteps In Pursuit of the Realm of Shadow.  Check out these channels: @BlueLizardJello @preacherplays @DomsRoundtable​ #eldenring #eldenringdlc #shadowoftheerdtree   Original Build link on EIP Elden Ring Build Planner: https://eip.gg/elden-ring/build-planner/?buildId=clzu9ta3100bcd4lmpuc3mr4z  Reborn Build link on EIP: https://eip.gg/elden-ring/build-planner/?buildId=clzuae4rt00bwd4lmp2rj8s4s,https://www.youtube.com/watch?v=a4zHrMZc2_g
80,LP - Elden Ring NG+ PC - Shadow of the Erdtree - #82 - Metyr Mother of Fingers,Join Grayworm as he follows in Miquela's footsteps In Pursuit of the Realm of Shadow.  Check out these channels: @BlueLizardJello @preacherplays @DomsRoundtable​ #eldenring #eldenringdlc #shadowoftheerdtree   Original Build link on EIP Elden Ring Build Planner: https://eip.gg/elden-ring/build-planner/?buildId=clzu9ta3100bcd4lmpuc3mr4z  Reborn Build link on EIP: https://eip.gg/elden-ring/build-planner/?buildId=clzuae4rt00bwd4lmp2rj8s4s,https://www.youtube.com/watch?v=nZpmFvH8Aaw
81,LP - Elden Ring NG+ PC - Shadow of the Erdtree - #83 - Castle Watering Hole,Join Grayworm as he follows in Miquela's footsteps In Pursuit of the Realm of Shadow.  Check out these channels: @BlueLizardJello @preacherplays @DomsRoundtable​ #eldenring #eldenringdlc #shadowoftheerdtree   Original Build link on EIP Elden Ring Build Planner: https://eip.gg/elden-ring/build-planner/?buildId=clzu9ta3100bcd4lmpuc3mr4z  Reborn Build link on EIP: https://eip.gg/elden-ring/build-planner/?buildId=clzuae4rt00bwd4lmp2rj8s4s,https://www.youtube.com/watch?v=jyhWwUTYIGE
82,LP - Elden Ring NG+ PC - Shadow of the Erdtree - #84 - Recluse River Downstream,Join Grayworm as he follows in Miquela's footsteps In Pursuit of the Realm of Shadow.  Check out these channels: @BlueLizardJello @preacherplays @DomsRoundtable​ #eldenring #eldenringdlc #shadowoftheerdtree   Original Build link on EIP Elden Ring Build Planner: https://eip.gg/elden-ring/build-planner/?buildId=clzu9ta3100bcd4lmpuc3mr4z  Reborn Build link on EIP: https://eip.gg/elden-ring/build-planner/?buildId=clzuae4rt00bwd4lmp2rj8s4s,https://www.youtube.com/watch?v=o9dCdV5-zsM
83,LP - Elden Ring NG+ PC - Shadow of the Erdtree - #85 - Rakshasa and RIP Runes,Join Grayworm as he follows in Miquela's footsteps In Pursuit of the Realm of Shadow.  Check out these channels: @BlueLizardJello @preacherplays @DomsRoundtable​ #eldenring #eldenringdlc #shadowoftheerdtree   Original Build link on EIP Elden Ring Build Planner: https://eip.gg/elden-ring/build-planner/?buildId=clzu9ta3100bcd4lmpuc3mr4z  Reborn Build link on EIP: https://eip.gg/elden-ring/build-planner/?buildId=clzuae4rt00bwd4lmp2rj8s4s,https://www.youtube.com/watch?v=pum5x6ofpno
84,LP - Elden Ring NG+ PC - Shadow of the Erdtree - #86 - Darklight Catacombs,Join Grayworm as he follows in Miquela's footsteps In Pursuit of the Realm of Shadow.  Check out these channels: @BlueLizardJello @preacherplays @DomsRoundtable​ #eldenring #eldenringdlc #shadowoftheerdtree   Original Build link on EIP Elden Ring Build Planner: https://eip.gg/elden-ring/build-planner/?buildId=clzu9ta3100bcd4lmpuc3mr4z  Reborn Build link on EIP: https://eip.gg/elden-ring/build-planner/?buildId=clzuae4rt00bwd4lmp2rj8s4s,https://www.youtube.com/watch?v=VOwkVWts9Oo
85,LP - Elden Ring NG+ PC - Shadow of the Erdtree - #87 - Abyssal Woods #1,Join Grayworm as he follows in Miquela's footsteps In Pursuit of the Realm of Shadow.  Check out these channels: @BlueLizardJello @preacherplays @DomsRoundtable​ #eldenring #eldenringdlc #shadowoftheerdtree   Original Build link on EIP Elden Ring Build Planner: https://eip.gg/elden-ring/build-planner/?buildId=clzu9ta3100bcd4lmpuc3mr4z  Reborn Build link on EIP: https://eip.gg/elden-ring/build-planner/?buildId=clzuae4rt00bwd4lmp2rj8s4s,https://www.youtube.com/watch?v=vBWgxdNpt5A
86,LP - Elden Ring NG+ PC - Shadow of the Erdtree - #88 - Searching for Midra's Manse in Abyssal Woods,Join Grayworm as he follows in Miquela's footsteps In Pursuit of the Realm of Shadow.  Check out these channels: @BlueLizardJello @preacherplays @DomsRoundtable​ #eldenring #eldenringdlc #shadowoftheerdtree   Original Build link on EIP Elden Ring Build Planner: https://eip.gg/elden-ring/build-planner/?buildId=clzu9ta3100bcd4lmpuc3mr4z  Reborn Build link on EIP: https://eip.gg/elden-ring/build-planner/?buildId=clzuae4rt00bwd4lmp2rj8s4s,https://www.youtube.com/watch?v=s-0SQOirrdA
87,LP - Elden Ring NG+ PC - Shadow of the Erdtree - #89 - Midra's Manse #1,Join Grayworm as he follows in Miquela's footsteps In Pursuit of the Realm of Shadow.  Check out these channels: @BlueLizardJello @preacherplays @DomsRoundtable​ #eldenring #eldenringdlc #shadowoftheerdtree   Original Build link on EIP Elden Ring Build Planner: https://eip.gg/elden-ring/build-planner/?buildId=clzu9ta3100bcd4lmpuc3mr4z  Reborn Build link on EIP: https://eip.gg/elden-ring/build-planner/?buildId=clzuae4rt00bwd4lmp2rj8s4s,https://www.youtube.com/watch?v=Aq0kqNQC2gI
88,LP - Elden Ring NG+ PC - Shadow of the Erdtree - #90 - Midra's Manse #2,Join Grayworm as he follows in Miquela's footsteps In Pursuit of the Realm of Shadow.  Check out these channels: @BlueLizardJello @preacherplays @DomsRoundtable​ #eldenring #eldenringdlc #shadowoftheerdtree   Original Build link on EIP Elden Ring Build Planner: https://eip.gg/elden-ring/build-planner/?buildId=clzu9ta3100bcd4lmpuc3mr4z  Reborn Build link on EIP: https://eip.gg/elden-ring/build-planner/?buildId=clzuae4rt00bwd4lmp2rj8s4s,https://www.youtube.com/watch?v=1VNed6wil5o
89,LP - Elden Ring NG+ PC - Shadow of the Erdtree - #91 - Stone Coffin Fissure #1,Join Grayworm as he follows in Miquela's footsteps In Pursuit of the Realm of Shadow.  Check out these channels: @BlueLizardJello @preacherplays @DomsRoundtable​ #eldenring #eldenringdlc #shadowoftheerdtree   Original Build link on EIP Elden Ring Build Planner: https://eip.gg/elden-ring/build-planner/?buildId=clzu9ta3100bcd4lmpuc3mr4z  Reborn Build link on EIP: https://eip.gg/elden-ring/build-planner/?buildId=clzuae4rt00bwd4lmp2rj8s4s,https://www.youtube.com/watch?v=CUWdOD5xiNU
90,LP - Elden Ring NG+ PC - Shadow of the Erdtree - #92 -St Trina and the Dragon Pit,Join Grayworm as he follows in Miquela's footsteps In Pursuit of the Realm of Shadow.  Check out these channels: @BlueLizardJello @preacherplays @DomsRoundtable​ #eldenring #eldenringdlc #shadowoftheerdtree   Original Build link on EIP Elden Ring Build Planner: https://eip.gg/elden-ring/build-planner/?buildId=clzu9ta3100bcd4lmpuc3mr4z  Reborn Build link on EIP: https://eip.gg/elden-ring/build-planner/?buildId=clzuae4rt00bwd4lmp2rj8s4s,https://www.youtube.com/watch?v=-4nplTsmfCA
91,"LP - Elden Ring NG+ PC - Shadow of the Erdtree - #93 - Dragons Pit, Dragon Man Jagged Peak Drake",Join Grayworm as he follows in Miquela's footsteps In Pursuit of the Realm of Shadow.  Check out these channels: @BlueLizardJello @preacherplays @DomsRoundtable​ #eldenring #eldenringdlc #shadowoftheerdtree   Original Build link on EIP Elden Ring Build Planner: https://eip.gg/elden-ring/build-planner/?buildId=clzu9ta3100bcd4lmpuc3mr4z  Reborn Build link on EIP: https://eip.gg/elden-ring/build-planner/?buildId=clzuae4rt00bwd4lmp2rj8s4s,https://www.youtube.com/watch?v=zOzJlHt4RuI
92,LP - Elden Ring NG+ PC - Shadow of the Erdtree - #94 - Mountain Shenanigans with Charo,Join Grayworm as he follows in Miquela's footsteps In Pursuit of the Realm of Shadow.  Check out these channels: @BlueLizardJello @preacherplays @DomsRoundtable​ #eldenring #eldenringdlc #shadowoftheerdtree   Original Build link on EIP Elden Ring Build Planner: https://eip.gg/elden-ring/build-planner/?buildId=clzu9ta3100bcd4lmpuc3mr4z  Reborn Build link on EIP: https://eip.gg/elden-ring/build-planner/?buildId=clzuae4rt00bwd4lmp2rj8s4s,https://www.youtube.com/watch?v=Y6gUioXTLgY
93,LP - Elden Ring NG+ PC - Shadow of the Erdtree - #95 - Lamenter's Gaol,Join Grayworm as he follows in Miquela's footsteps In Pursuit of the Realm of Shadow.  Check out these channels: @BlueLizardJello @preacherplays @DomsRoundtable​ #eldenring #eldenringdlc #shadowoftheerdtree   Original Build link on EIP Elden Ring Build Planner: https://eip.gg/elden-ring/build-planner/?buildId=clzu9ta3100bcd4lmpuc3mr4z  Reborn Build link on EIP: https://eip.gg/elden-ring/build-planner/?buildId=clzuae4rt00bwd4lmp2rj8s4s,https://www.youtube.com/watch?v=KvCiQQyjfjo
94,LP - Elden Ring NG+ PC - Shadow of the Erdtree - #96 - Jagged Peak Ascension - Dragon Woes,Join Grayworm as he follows in Miquela's footsteps In Pursuit of the Realm of Shadow.  Check out these channels: @BlueLizardJello @preacherplays @DomsRoundtable​ #eldenring #eldenringdlc #shadowoftheerdtree   Original Build link on EIP Elden Ring Build Planner: https://eip.gg/elden-ring/build-planner/?buildId=clzu9ta3100bcd4lmpuc3mr4z  Reborn Build link on EIP: https://eip.gg/elden-ring/build-planner/?buildId=clzuae4rt00bwd4lmp2rj8s4s,https://www.youtube.com/watch?v=uXcBZb0-MrE
95,LP - Elden Ring NG+ PC - Shadow of the Erdtree - #97 - Bayle the Dread,Join Grayworm as he follows in Miquela's footsteps In Pursuit of the Realm of Shadow.  Check out these channels: @BlueLizardJello @preacherplays @DomsRoundtable​ #eldenring #eldenringdlc #shadowoftheerdtree   Original Build link on EIP Elden Ring Build Planner: https://eip.gg/elden-ring/build-planner/?buildId=clzu9ta3100bcd4lmpuc3mr4z  Reborn Build link on EIP: https://eip.gg/elden-ring/build-planner/?buildId=clzuae4rt00bwd4lmp2rj8s4s,https://www.youtube.com/watch?v=OkTWk78EIrA
96,LP - Elden Ring NG+ PC - Shadow of the Erdtree - #100 - Radahn Consort of Miquella - END,Join Grayworm as he follows in Miquela's footsteps In Pursuit of the Realm of Shadow.  Check out these channels: @BlueLizardJello @preacherplays @DomsRoundtable​ #eldenring #eldenringdlc #shadowoftheerdtree   Original Build link on EIP Elden Ring Build Planner: https://eip.gg/elden-ring/build-planner/?buildId=clzu9ta3100bcd4lmpuc3mr4z  Reborn Build link on EIP: https://eip.gg/elden-ring/build-planner/?buildId=clzuae4rt00bwd4lmp2rj8s4s,https://www.youtube.com/watch?v=jjSpvDG0tIc
